[{"model": "hallOfFameClient.semester", "pk": 1, "fields": {"number": 1, "etcs": 3}}, {"model": "hallOfFameClient.subject", "pk": 1, "fields": {"name": "Matematyka Gastronomiczna", "description": "Math is hard to swallow", "semester": 1, "etcs": 7, "lecturers": [1, 2]}}, {"model": "hallOfFameClient.subject", "pk": 2, "fields": {"name": "Elementy statycznego podrywu", "description": "ten tego", "semester": 1, "etcs": 21, "lecturers": []}}, {"model": "hallOfFameClient.subject", "pk": 3, "fields": {"name": "Kultura Przest\u0119pczo\u015bci Polski Podziemnej", "description": "w imieniu polski podziemnej ma pan zaliczenie", "semester": 1, "etcs": 0, "lecturers": []}}, {"model": "hallOfFameClient.subject", "pk": 4, "fields": {"name": "Historia Lemat\u00f3w matematyk\u00f3w \u015bredniowiecznych", "description": "r\u00f3wnania w imi\u0119 Boga", "semester": 1, "etcs": 7, "lecturers": []}}, {"model": "hallOfFameClient.subject", "pk": 5, "fields": {"name": "Wprowadzenie do deseczki", "description": "codzienne \u0107wiczenia dla rozwoju", "semester": 1, "etcs": 55, "lecturers": [2]}}, {"model": "hallOfFameClient.subject", "pk": 6, "fields": {"name": "Wychowanie do pracy", "description": "szanuj go\u015bciu prac\u0119", "semester": 1, "etcs": 5, "lecturers": []}}, {"model": "hallOfFameClient.group", "pk": 1, "fields": {"name": "G7", "subject": 1, "students": [1, 2, 3], "lecturers": [1]}}, {"model": "hallOfFameClient.group", "pk": 2, "fields": {"name": "T3", "subject": 5, "students": [1, 3], "lecturers": [1]}}, {"model": "hallOfFameClient.group", "pk": 3, "fields": {"name": "K2", "subject": 2, "students": [1, 2, 3], "lecturers": [1]}}, {"model": "hallOfFameClient.group", "pk": 4, "fields": {"name": "L1", "subject": 3, "students": [2, 3], "lecturers": [1]}}, {"model": "hallOfFameClient.group", "pk": 5, "fields": {"name": "Z4", "subject": 6, "students": [1, 2, 3], "lecturers": [2]}}, {"model": "hallOfFameClient.group", "pk": 6, "fields": {"name": "El Kasiko", "subject": 1, "students": [3], "lecturers": [1]}}, {"model": "hallOfFameClient.exercise", "pk": 1, "fields": {"name": "1", "date": "2020-04-21T20:29:26Z", "group": 1, "max_score": 6}}, {"model": "hallOfFameClient.exercise", "pk": 2, "fields": {"name": "2", "date": "2020-04-21T20:29:42Z", "group": 1, "max_score": 3}}, {"model": "hallOfFameClient.exercise", "pk": 3, "fields": {"name": "3", "date": "2020-04-24T14:55:00Z", "group": 1, "max_score": 1}}, {"model": "hallOfFameClient.exercise", "pk": 4, "fields": {"name": "Deseczka 10 min", "date": "2020-04-27T17:56:25Z", "group": 2, "max_score": 6}}, {"model": "hallOfFameClient.exercise", "pk": 5, "fields": {"name": "Deseczka 5 min", "date": "2020-04-27T17:57:15Z", "group": 2, "max_score": 6}}, {"model": "hallOfFameClient.studentscore", "pk": 1, "fields": {"value": 7, "exercise": 3, "student": 1, "date": "2020-04-21T20:30:31Z"}}, {"model": "hallOfFameClient.studentscore", "pk": 2, "fields": {"value": 4, "exercise": 1, "student": 1, "date": "2020-04-23T16:58:07Z"}}, {"model": "hallOfFameClient.studentscore", "pk": 3, "fields": {"value": 6, "exercise": 2, "student": 1, "date": "2020-04-23T16:58:23Z"}}, {"model": "hallOfFameClient.studentscore", "pk": 4, "fields": {"value": 1, "exercise": 1, "student": 2, "date": "2020-04-24T15:04:32.277Z"}}, {"model": "hallOfFameClient.studentscore", "pk": 5, "fields": {"value": 0, "exercise": 2, "student": 2, "date": "2020-04-24T15:04:32.379Z"}}, {"model": "hallOfFameClient.studentscore", "pk": 6, "fields": {"value": 1, "exercise": 3, "student": 2, "date": "2020-04-24T15:04:32.483Z"}}, {"model": "hallOfFameClient.studentscore", "pk": 7, "fields": {"value": 3, "exercise": 4, "student": 3, "date": "2020-04-27T17:54:25Z"}}, {"model": "hallOfFameClient.studentscore", "pk": 8, "fields": {"value": 4, "exercise": 5, "student": 3, "date": "2020-04-27T17:57:07Z"}}, {"model": "hallOfFameClient.studentscore", "pk": 9, "fields": {"value": 2, "exercise": 1, "student": 3, "date": "2020-04-27T19:34:31.065Z"}}, {"model": "hallOfFameClient.studentscore", "pk": 10, "fields": {"value": 2, "exercise": 1, "student": 3, "date": "2020-04-27T19:36:16.166Z"}}, {"model": "hallOfFameClient.studentscore", "pk": 11, "fields": {"value": 1, "exercise": 2, "student": 3, "date": "2020-04-27T19:36:44.054Z"}}, {"model": "hallOfFameClient.studentscore", "pk": 12, "fields": {"value": 1, "exercise": 2, "student": 3, "date": "2020-04-27T19:37:48.768Z"}}, {"model": "hallOfFameClient.studentscore", "pk": 13, "fields": {"value": 4, "exercise": 2, "student": 3, "date": "2020-04-27T19:37:58.022Z"}}, {"model": "hallOfFameClient.statgroupscore", "pk": 319, "fields": {"mean_value": 0.0, "group": 6, "max_score": 0}}, {"model": "hallOfFameClient.statgroupscore", "pk": 320, "fields": {"mean_value": 120.0, "group": 1, "max_score": 10}}, {"model": "hallOfFameClient.statgroupscore", "pk": 321, "fields": {"mean_value": 0.0, "group": 3, "max_score": 0}}, {"model": "hallOfFameClient.statgroupscore", "pk": 322, "fields": {"mean_value": 0.0, "group": 5, "max_score": 0}}, {"model": "hallOfFameClient.statgroupscore", "pk": 323, "fields": {"mean_value": 0.0, "group": 4, "max_score": 0}}, {"model": "hallOfFameClient.statgroupscore", "pk": 324, "fields": {"mean_value": 141.666666666667, "group": 2, "max_score": 12}}, {"model": "hallOfFameClient.statgroupstudentscore", "pk": 407, "fields": {"mean_value": 0.0, "student": 1, "stat_group": 322, "value": 17}}, {"model": "hallOfFameClient.statgroupstudentscore", "pk": 408, "fields": {"mean_value": 0.0, "student": 3, "stat_group": 321, "value": 17}}, {"model": "hallOfFameClient.statgroupstudentscore", "pk": 409, "fields": {"mean_value": 0.0, "student": 3, "stat_group": 323, "value": 17}}, {"model": "hallOfFameClient.statgroupstudentscore", "pk": 410, "fields": {"mean_value": 0.0, "student": 3, "stat_group": 319, "value": 17}}, {"model": "hallOfFameClient.statgroupstudentscore", "pk": 411, "fields": {"mean_value": 170.0, "student": 3, "stat_group": 320, "value": 17}}, {"model": "hallOfFameClient.statgroupstudentscore", "pk": 412, "fields": {"mean_value": 20.0, "student": 2, "stat_group": 320, "value": 2}}, {"model": "hallOfFameClient.statgroupstudentscore", "pk": 413, "fields": {"mean_value": 170.0, "student": 1, "stat_group": 320, "value": 17}}, {"model": "hallOfFameClient.statgroupstudentscore", "pk": 414, "fields": {"mean_value": 0.0, "student": 1, "stat_group": 321, "value": 17}}, {"model": "hallOfFameClient.statgroupstudentscore", "pk": 415, "fields": {"mean_value": 141.666666666667, "student": 1, "stat_group": 324, "value": 17}}, {"model": "hallOfFameClient.statgroupstudentscore", "pk": 416, "fields": {"mean_value": 141.666666666667, "student": 3, "stat_group": 324, "value": 17}}, {"model": "hallOfFameClient.statgroupstudentscore", "pk": 417, "fields": {"mean_value": 0.0, "student": 2, "stat_group": 321, "value": 2}}, {"model": "hallOfFameClient.statgroupstudentscore", "pk": 418, "fields": {"mean_value": 0.0, "student": 2, "stat_group": 323, "value": 2}}, {"model": "hallOfFameClient.statgroupstudentscore", "pk": 419, "fields": {"mean_value": 0.0, "student": 3, "stat_group": 322, "value": 17}}, {"model": "hallOfFameClient.statgroupstudentscore", "pk": 420, "fields": {"mean_value": 0.0, "student": 2, "stat_group": 322, "value": 2}}, {"model": "hallOfFameClient.statsubjectscore", "pk": 106, "fields": {"mean_value": 0.0, "subject": 6}}, {"model": "hallOfFameClient.statsubjectscore", "pk": 107, "fields": {"mean_value": 60.0, "subject": 1}}, {"model": "hallOfFameClient.statsubjectscore", "pk": 108, "fields": {"mean_value": 0.0, "subject": 3}}, {"model": "hallOfFameClient.statsubjectscore", "pk": 109, "fields": {"mean_value": 141.666666666667, "subject": 5}}, {"model": "hallOfFameClient.statsubjectscore", "pk": 110, "fields": {"mean_value": 0.0, "subject": 2}}, {"model": "hallOfFameClient.statsubjectstudentscore", "pk": 47, "fields": {"mean_value": 0.0, "student": 3, "subject": 6}}, {"model": "hallOfFameClient.statsubjectstudentscore", "pk": 48, "fields": {"mean_value": 0.0, "student": 3, "subject": 2}}, {"model": "hallOfFameClient.statsubjectstudentscore", "pk": 49, "fields": {"mean_value": 141.666666666667, "student": 3, "subject": 5}}, {"model": "hallOfFameClient.statsubjectstudentscore", "pk": 50, "fields": {"mean_value": 0.0, "student": 2, "subject": 2}}, {"model": "hallOfFameClient.statsubjectstudentscore", "pk": 51, "fields": {"mean_value": 141.666666666667, "student": 1, "subject": 5}}, {"model": "hallOfFameClient.statsubjectstudentscore", "pk": 52, "fields": {"mean_value": 85.0, "student": 3, "subject": 1}}, {"model": "hallOfFameClient.statsubjectstudentscore", "pk": 53, "fields": {"mean_value": 20.0, "student": 2, "subject": 1}}, {"model": "hallOfFameClient.statsubjectstudentscore", "pk": 54, "fields": {"mean_value": 0.0, "student": 1, "subject": 6}}, {"model": "hallOfFameClient.statsubjectstudentscore", "pk": 55, "fields": {"mean_value": 0.0, "student": 1, "subject": 2}}, {"model": "hallOfFameClient.statsubjectstudentscore", "pk": 56, "fields": {"mean_value": 170.0, "student": 1, "subject": 1}}, {"model": "hallOfFameClient.statsubjectstudentscore", "pk": 57, "fields": {"mean_value": 0.0, "student": 2, "subject": 3}}, {"model": "hallOfFameClient.statsubjectstudentscore", "pk": 58, "fields": {"mean_value": 0.0, "student": 3, "subject": 3}}, {"model": "hallOfFameClient.statsubjectstudentscore", "pk": 59, "fields": {"mean_value": 0.0, "student": 2, "subject": 6}}, {"model": "auth.group", "pk": 1, "fields": {"name": "students", "permissions": []}}, {"model": "auth.group", "pk": 2, "fields": {"name": "lecturers", "permissions": [21, 22, 23, 24, 17, 18, 19, 20, 9, 10, 11, 12, 1, 2, 3, 4, 5, 6, 7, 8, 25, 26, 27, 28, 13, 14, 15, 16]}}, {"model": "auth.group", "pk": 3, "fields": {"name": "admins", "permissions": [37, 38, 39, 40, 45, 46, 47, 48, 41, 42, 43, 44, 49, 50, 51, 52, 53, 54, 55, 56, 21, 22, 23, 24, 17, 18, 19, 20, 9, 10, 11, 12, 1, 2, 3, 4, 5, 6, 7, 8, 25, 26, 27, 28, 13, 14, 15, 16, 33, 34, 35, 36, 29, 30, 31, 32, 57, 58, 59, 60]}}, {"model": "auth.user", "pk": 1, "fields": {"password": "pbkdf2_sha256$180000$bSm1D7B0WKRQ$KwDqmkbCHjB/BG3K4tv3TiKeIX0Fo6tPzbVM77Ge0L0=", "last_login": "2020-05-07T14:42:16.538Z", "is_superuser": true, "username": "ostatni5", "first_name": "", "last_name": "", "email": "", "is_staff": true, "is_active": true, "date_joined": "2020-04-21T19:53:07.359Z", "groups": [], "user_permissions": []}}, {"model": "auth.user", "pk": 2, "fields": {"password": "pbkdf2_sha256$180000$jhNxvGlB6hTE$6jg62lXPcYHwURJajEtQVJLcyA2Lja51k2ZKc2gRJV8=", "last_login": null, "is_superuser": false, "username": "Adam", "first_name": "", "last_name": "", "email": "", "is_staff": false, "is_active": true, "date_joined": "2020-04-21T19:57:33Z", "groups": [], "user_permissions": []}}, {"model": "auth.user", "pk": 3, "fields": {"password": "pbkdf2_sha256$180000$MmyQCPWu5DcM$YZkBGcDzprAkdt6fTE1EiTLqrvzdXYCNq+IXn74U4nY=", "last_login": "2020-05-07T15:33:46.423Z", "is_superuser": false, "username": "Jhon", "first_name": "", "last_name": "", "email": "", "is_staff": true, "is_active": true, "date_joined": "2020-04-21T20:28:15Z", "groups": [2], "user_permissions": []}}, {"model": "auth.user", "pk": 4, "fields": {"password": ")(&*^(*&^(^(*", "last_login": null, "is_superuser": false, "username": "hala", "first_name": "", "last_name": "", "email": "", "is_staff": false, "is_active": true, "date_joined": "2020-04-24T15:03:15Z", "groups": [1], "user_permissions": []}}, {"model": "auth.user", "pk": 5, "fields": {"password": "kania", "last_login": null, "is_superuser": true, "username": "kania", "first_name": "Szymon", "last_name": "Kania", "email": "kania@example.com", "is_staff": false, "is_active": true, "date_joined": "2020-04-27T18:00:03Z", "groups": [2], "user_permissions": []}}, {"model": "sessions.session", "pk": "5vm6r3ddlz6elerpnru0ill4val8w0bb", "fields": {"session_data": "NmU2ZTMzOTAzZmVkMGIxZDM2YTczODdlNzkxM2Y3Zjg4NWNhMTcyMDp7Il9hdXRoX3VzZXJfaWQiOiIxIiwiX2F1dGhfdXNlcl9iYWNrZW5kIjoiZGphbmdvLmNvbnRyaWIuYXV0aC5iYWNrZW5kcy5Nb2RlbEJhY2tlbmQiLCJfYXV0aF91c2VyX2hhc2giOiJjZDUyZDFlZTQ1MjJjZjU3NTQwZjM2YzYzNjQ2NDNhZTZhNjhlMjk3In0=", "expire_date": "2020-05-07T14:18:33.083Z"}}, {"model": "sessions.session", "pk": "c7vlxmu0e92sgi8y2duoxgz2xrvc2tim", "fields": {"session_data": "NzFiNjI4OTk3NzJhZWVkZDZmYTI4N2Q4NTRhNDMyMzUyZDE1ZjFlNzp7Il9hdXRoX3VzZXJfaWQiOiIzIiwiX2F1dGhfdXNlcl9iYWNrZW5kIjoiZGphbmdvLmNvbnRyaWIuYXV0aC5iYWNrZW5kcy5Nb2RlbEJhY2tlbmQiLCJfYXV0aF91c2VyX2hhc2giOiJiNTliNDcyNWQ5ZDhkNGI0ZTVjNTc1MWQ0MTlmZDVhNWFiYWNjMTc3In0=", "expire_date": "2020-05-06T16:41:54.422Z"}}, {"model": "sessions.session", "pk": "lrusyzrzz7sswd5j1aw25n19no3iw4ek", "fields": {"session_data": "NmU2ZTMzOTAzZmVkMGIxZDM2YTczODdlNzkxM2Y3Zjg4NWNhMTcyMDp7Il9hdXRoX3VzZXJfaWQiOiIxIiwiX2F1dGhfdXNlcl9iYWNrZW5kIjoiZGphbmdvLmNvbnRyaWIuYXV0aC5iYWNrZW5kcy5Nb2RlbEJhY2tlbmQiLCJfYXV0aF91c2VyX2hhc2giOiJjZDUyZDFlZTQ1MjJjZjU3NTQwZjM2YzYzNjQ2NDNhZTZhNjhlMjk3In0=", "expire_date": "2020-05-06T19:38:50.233Z"}}, {"model": "sessions.session", "pk": "vnn5j4e5kv7v5uk0u3kc1w1hcum3pz9w", "fields": {"session_data": "NmU2ZTMzOTAzZmVkMGIxZDM2YTczODdlNzkxM2Y3Zjg4NWNhMTcyMDp7Il9hdXRoX3VzZXJfaWQiOiIxIiwiX2F1dGhfdXNlcl9iYWNrZW5kIjoiZGphbmdvLmNvbnRyaWIuYXV0aC5iYWNrZW5kcy5Nb2RlbEJhY2tlbmQiLCJfYXV0aF91c2VyX2hhc2giOiJjZDUyZDFlZTQ1MjJjZjU3NTQwZjM2YzYzNjQ2NDNhZTZhNjhlMjk3In0=", "expire_date": "2020-05-05T21:09:46.597Z"}}, {"model": "sessions.session", "pk": "zjrihvtri76345yuoehpck3h0y866f4e", "fields": {"session_data": "NzFiNjI4OTk3NzJhZWVkZDZmYTI4N2Q4NTRhNDMyMzUyZDE1ZjFlNzp7Il9hdXRoX3VzZXJfaWQiOiIzIiwiX2F1dGhfdXNlcl9iYWNrZW5kIjoiZGphbmdvLmNvbnRyaWIuYXV0aC5iYWNrZW5kcy5Nb2RlbEJhY2tlbmQiLCJfYXV0aF91c2VyX2hhc2giOiJiNTliNDcyNWQ5ZDhkNGI0ZTVjNTc1MWQ0MTlmZDVhNWFiYWNjMTc3In0=", "expire_date": "2020-05-21T15:33:46.452Z"}}, {"model": "admin.logentry", "pk": 1, "fields": {"action_time": "2020-04-21T19:56:33.263Z", "user": 1, "content_type": 12, "object_id": "1", "object_repr": "students", "action_flag": 1, "change_message": "[{\"added\": {}}]"}}, {"model": "admin.logentry", "pk": 2, "fields": {"action_time": "2020-04-21T19:56:57.828Z", "user": 1, "content_type": 12, "object_id": "2", "object_repr": "lecturers", "action_flag": 1, "change_message": "[{\"added\": {}}]"}}, {"model": "admin.logentry", "pk": 3, "fields": {"action_time": "2020-04-21T19:57:33.748Z", "user": 1, "content_type": 13, "object_id": "2", "object_repr": "Adam", "action_flag": 1, "change_message": "[{\"added\": {}}]"}}, {"model": "admin.logentry", "pk": 4, "fields": {"action_time": "2020-04-21T20:01:08.366Z", "user": 1, "content_type": 13, "object_id": "2", "object_repr": "Adam", "action_flag": 2, "change_message": "[]"}}, {"model": "admin.logentry", "pk": 5, "fields": {"action_time": "2020-04-21T20:06:37.487Z", "user": 1, "content_type": 1, "object_id": "1", "object_repr": "1", "action_flag": 1, "change_message": "[{\"added\": {}}]"}}, {"model": "admin.logentry", "pk": 6, "fields": {"action_time": "2020-04-21T20:06:55.220Z", "user": 1, "content_type": 2, "object_id": "1", "object_repr": "Unnnn", "action_flag": 1, "change_message": "[{\"added\": {}}]"}}, {"model": "admin.logentry", "pk": 7, "fields": {"action_time": "2020-04-21T20:28:15.313Z", "user": 1, "content_type": 13, "object_id": "3", "object_repr": "Jhon", "action_flag": 1, "change_message": "[{\"added\": {}}]"}}, {"model": "admin.logentry", "pk": 8, "fields": {"action_time": "2020-04-21T20:28:31.908Z", "user": 1, "content_type": 3, "object_id": "1", "object_repr": "jhon Lenon", "action_flag": 1, "change_message": "[{\"added\": {}}]"}}, {"model": "admin.logentry", "pk": 9, "fields": {"action_time": "2020-04-21T20:28:51.135Z", "user": 1, "content_type": 4, "object_id": "1", "object_repr": "Math", "action_flag": 1, "change_message": "[{\"added\": {}}]"}}, {"model": "admin.logentry", "pk": 10, "fields": {"action_time": "2020-04-21T20:29:08.547Z", "user": 1, "content_type": 5, "object_id": "1", "object_repr": "Gt7", "action_flag": 1, "change_message": "[{\"added\": {}}]"}}, {"model": "admin.logentry", "pk": 11, "fields": {"action_time": "2020-04-21T20:29:36.292Z", "user": 1, "content_type": 6, "object_id": "1", "object_repr": "1", "action_flag": 1, "change_message": "[{\"added\": {}}]"}}, {"model": "admin.logentry", "pk": 12, "fields": {"action_time": "2020-04-21T20:29:52.996Z", "user": 1, "content_type": 6, "object_id": "2", "object_repr": "2", "action_flag": 1, "change_message": "[{\"added\": {}}]"}}, {"model": "admin.logentry", "pk": 13, "fields": {"action_time": "2020-04-21T20:30:43.401Z", "user": 1, "content_type": 7, "object_id": "1", "object_repr": "1", "action_flag": 1, "change_message": "[{\"added\": {}}]"}}, {"model": "admin.logentry", "pk": 14, "fields": {"action_time": "2020-04-22T16:07:10.869Z", "user": 1, "content_type": 13, "object_id": "3", "object_repr": "Jhon", "action_flag": 2, "change_message": "[{\"changed\": {\"fields\": [\"Staff status\", \"Groups\"]}}]"}}, {"model": "admin.logentry", "pk": 15, "fields": {"action_time": "2020-04-22T16:07:58.855Z", "user": 1, "content_type": 12, "object_id": "2", "object_repr": "lecturers", "action_flag": 2, "change_message": "[{\"changed\": {\"fields\": [\"Permissions\"]}}]"}}, {"model": "admin.logentry", "pk": 16, "fields": {"action_time": "2020-04-22T19:06:41.180Z", "user": 1, "content_type": 12, "object_id": "3", "object_repr": "admins", "action_flag": 1, "change_message": "[{\"added\": {}}]"}}, {"model": "admin.logentry", "pk": 17, "fields": {"action_time": "2020-04-23T14:51:04.956Z", "user": 3, "content_type": 4, "object_id": "1", "object_repr": "Math", "action_flag": 2, "change_message": "[]"}}, {"model": "admin.logentry", "pk": 18, "fields": {"action_time": "2020-04-23T16:05:00.980Z", "user": 3, "content_type": 4, "object_id": "1", "object_repr": "Math", "action_flag": 2, "change_message": "[{\"added\": {\"name\": \"group\", \"object\": \"Test\"}}]"}}, {"model": "admin.logentry", "pk": 19, "fields": {"action_time": "2020-04-23T16:38:46.842Z", "user": 3, "content_type": 5, "object_id": "1", "object_repr": "Gt7", "action_flag": 2, "change_message": "[]"}}, {"model": "admin.logentry", "pk": 20, "fields": {"action_time": "2020-04-23T16:58:17.308Z", "user": 1, "content_type": 7, "object_id": "2", "object_repr": "4", "action_flag": 1, "change_message": "[{\"added\": {}}]"}}, {"model": "admin.logentry", "pk": 21, "fields": {"action_time": "2020-04-23T16:58:29.524Z", "user": 1, "content_type": 7, "object_id": "3", "object_repr": "5", "action_flag": 1, "change_message": "[{\"added\": {}}]"}}, {"model": "admin.logentry", "pk": 22, "fields": {"action_time": "2020-04-23T19:27:29.652Z", "user": 1, "content_type": 4, "object_id": "2", "object_repr": "Elementy statycznego podrywu", "action_flag": 1, "change_message": "[{\"added\": {}}]"}}, {"model": "admin.logentry", "pk": 23, "fields": {"action_time": "2020-04-24T14:55:09.203Z", "user": 1, "content_type": 6, "object_id": "3", "object_repr": "3", "action_flag": 1, "change_message": "[{\"added\": {}}]"}}, {"model": "admin.logentry", "pk": 24, "fields": {"action_time": "2020-04-24T14:55:16.223Z", "user": 1, "content_type": 7, "object_id": "1", "object_repr": "1", "action_flag": 2, "change_message": "[{\"changed\": {\"fields\": [\"Exercise\"]}}]"}}, {"model": "admin.logentry", "pk": 25, "fields": {"action_time": "2020-04-24T15:03:54.302Z", "user": 1, "content_type": 13, "object_id": "4", "object_repr": "hala", "action_flag": 1, "change_message": "[{\"added\": {}}]"}}, {"model": "admin.logentry", "pk": 26, "fields": {"action_time": "2020-04-24T15:04:11.390Z", "user": 1, "content_type": 2, "object_id": "2", "object_repr": "123456", "action_flag": 1, "change_message": "[{\"added\": {}}]"}}, {"model": "admin.logentry", "pk": 27, "fields": {"action_time": "2020-04-24T15:04:28.584Z", "user": 1, "content_type": 5, "object_id": "1", "object_repr": "Gt7", "action_flag": 2, "change_message": "[{\"changed\": {\"fields\": [\"Students\"]}}]"}}, {"model": "admin.logentry", "pk": 28, "fields": {"action_time": "2020-04-24T20:23:00.524Z", "user": 1, "content_type": 4, "object_id": "1", "object_repr": "Math in Gastronomy", "action_flag": 2, "change_message": "[{\"changed\": {\"fields\": [\"Name\", \"Description\"]}}]"}}, {"model": "admin.logentry", "pk": 29, "fields": {"action_time": "2020-04-24T20:24:46.614Z", "user": 1, "content_type": 4, "object_id": "3", "object_repr": "Kultura Przest\u0119pczo\u015bci Polski Podziemnej", "action_flag": 1, "change_message": "[{\"added\": {}}]"}}, {"model": "admin.logentry", "pk": 30, "fields": {"action_time": "2020-04-24T20:26:30.068Z", "user": 1, "content_type": 4, "object_id": "4", "object_repr": "Historia Lemat\u00f3w matematyk\u00f3w \u015bredniowiecznych", "action_flag": 1, "change_message": "[{\"added\": {}}]"}}, {"model": "admin.logentry", "pk": 31, "fields": {"action_time": "2020-04-27T15:46:12.631Z", "user": 1, "content_type": 2, "object_id": "3", "object_repr": "213700", "action_flag": 1, "change_message": "[{\"added\": {}}]"}}, {"model": "admin.logentry", "pk": 32, "fields": {"action_time": "2020-04-27T17:49:51.462Z", "user": 1, "content_type": 5, "object_id": "3", "object_repr": "K2", "action_flag": 1, "change_message": "[{\"added\": {}}]"}}, {"model": "admin.logentry", "pk": 33, "fields": {"action_time": "2020-04-27T17:50:14.421Z", "user": 1, "content_type": 5, "object_id": "2", "object_repr": "T3", "action_flag": 2, "change_message": "[{\"changed\": {\"fields\": [\"Name\", \"Students\"]}}]"}}, {"model": "admin.logentry", "pk": 34, "fields": {"action_time": "2020-04-27T17:51:38.206Z", "user": 1, "content_type": 4, "object_id": "1", "object_repr": "Math in Gastronomy", "action_flag": 2, "change_message": "[{\"changed\": {\"fields\": [\"Description\", \"Etcs\"]}}]"}}, {"model": "admin.logentry", "pk": 35, "fields": {"action_time": "2020-04-27T17:52:14.290Z", "user": 1, "content_type": 4, "object_id": "1", "object_repr": "Matematyka Gastronomiczna", "action_flag": 2, "change_message": "[{\"changed\": {\"fields\": [\"Name\"]}}]"}}, {"model": "admin.logentry", "pk": 36, "fields": {"action_time": "2020-04-27T17:53:05.302Z", "user": 1, "content_type": 4, "object_id": "5", "object_repr": "Wprowadzenie do deseczki", "action_flag": 1, "change_message": "[{\"added\": {}}]"}}, {"model": "admin.logentry", "pk": 37, "fields": {"action_time": "2020-04-27T17:53:23.544Z", "user": 1, "content_type": 4, "object_id": "1", "object_repr": "Matematyka Gastronomiczna", "action_flag": 2, "change_message": "[]"}}, {"model": "admin.logentry", "pk": 38, "fields": {"action_time": "2020-04-27T17:53:44.970Z", "user": 1, "content_type": 5, "object_id": "1", "object_repr": "Gt7", "action_flag": 2, "change_message": "[{\"changed\": {\"fields\": [\"Students\"]}}]"}}, {"model": "admin.logentry", "pk": 39, "fields": {"action_time": "2020-04-27T17:54:25.462Z", "user": 1, "content_type": 4, "object_id": "1", "object_repr": "Matematyka Gastronomiczna", "action_flag": 2, "change_message": "[]"}}, {"model": "admin.logentry", "pk": 40, "fields": {"action_time": "2020-04-27T17:54:38.466Z", "user": 1, "content_type": 5, "object_id": "1", "object_repr": "Gt7", "action_flag": 2, "change_message": "[]"}}, {"model": "admin.logentry", "pk": 41, "fields": {"action_time": "2020-04-27T17:56:56.810Z", "user": 1, "content_type": 6, "object_id": "4", "object_repr": "Deseczka 10 min", "action_flag": 1, "change_message": "[{\"added\": {}}]"}}, {"model": "admin.logentry", "pk": 42, "fields": {"action_time": "2020-04-27T17:57:06.252Z", "user": 1, "content_type": 7, "object_id": "7", "object_repr": "3", "action_flag": 1, "change_message": "[{\"added\": {}}]"}}, {"model": "admin.logentry", "pk": 43, "fields": {"action_time": "2020-04-27T17:57:26.339Z", "user": 1, "content_type": 6, "object_id": "5", "object_repr": "Deseczka 5 min", "action_flag": 1, "change_message": "[{\"added\": {}}]"}}, {"model": "admin.logentry", "pk": 44, "fields": {"action_time": "2020-04-27T17:57:32.438Z", "user": 1, "content_type": 7, "object_id": "8", "object_repr": "4", "action_flag": 1, "change_message": "[{\"added\": {}}]"}}, {"model": "admin.logentry", "pk": 45, "fields": {"action_time": "2020-04-27T17:58:16.682Z", "user": 1, "content_type": 5, "object_id": "2", "object_repr": "T3", "action_flag": 2, "change_message": "[{\"changed\": {\"fields\": [\"Subject\"]}}]"}}, {"model": "admin.logentry", "pk": 46, "fields": {"action_time": "2020-04-27T17:58:31.759Z", "user": 1, "content_type": 5, "object_id": "2", "object_repr": "T3", "action_flag": 2, "change_message": "[]"}}, {"model": "admin.logentry", "pk": 47, "fields": {"action_time": "2020-04-27T17:58:59.834Z", "user": 1, "content_type": 5, "object_id": "3", "object_repr": "K2", "action_flag": 2, "change_message": "[]"}}, {"model": "admin.logentry", "pk": 48, "fields": {"action_time": "2020-04-27T17:59:17.234Z", "user": 1, "content_type": 5, "object_id": "4", "object_repr": "L1", "action_flag": 1, "change_message": "[{\"added\": {}}]"}}, {"model": "admin.logentry", "pk": 49, "fields": {"action_time": "2020-04-27T17:59:34.063Z", "user": 1, "content_type": 5, "object_id": "1", "object_repr": "G7", "action_flag": 2, "change_message": "[{\"changed\": {\"fields\": [\"Name\", \"Subject\"]}}]"}}, {"model": "admin.logentry", "pk": 50, "fields": {"action_time": "2020-04-27T18:00:43.528Z", "user": 1, "content_type": 13, "object_id": "5", "object_repr": "kania", "action_flag": 1, "change_message": "[{\"added\": {}}]"}}, {"model": "admin.logentry", "pk": 51, "fields": {"action_time": "2020-04-27T18:00:56.683Z", "user": 1, "content_type": 3, "object_id": "2", "object_repr": "Szymon Kania", "action_flag": 1, "change_message": "[{\"added\": {}}]"}}, {"model": "admin.logentry", "pk": 52, "fields": {"action_time": "2020-04-27T18:01:54.196Z", "user": 1, "content_type": 5, "object_id": "5", "object_repr": "Z4", "action_flag": 1, "change_message": "[{\"added\": {}}]"}}, {"model": "admin.logentry", "pk": 53, "fields": {"action_time": "2020-04-27T18:02:37.552Z", "user": 1, "content_type": 4, "object_id": "6", "object_repr": "Wychowanie do pracy", "action_flag": 1, "change_message": "[{\"added\": {}}]"}}, {"model": "admin.logentry", "pk": 54, "fields": {"action_time": "2020-04-27T18:02:42.695Z", "user": 1, "content_type": 5, "object_id": "5", "object_repr": "Z4", "action_flag": 2, "change_message": "[{\"changed\": {\"fields\": [\"Subject\"]}}]"}}, {"model": "admin.logentry", "pk": 55, "fields": {"action_time": "2020-04-27T18:03:57.945Z", "user": 1, "content_type": 5, "object_id": "1", "object_repr": "G7", "action_flag": 2, "change_message": "[{\"changed\": {\"fields\": [\"Subject\"]}}]"}}, {"model": "admin.logentry", "pk": 56, "fields": {"action_time": "2020-05-05T15:33:16.813Z", "user": 1, "content_type": 4, "object_id": "5", "object_repr": "Wprowadzenie do deseczki", "action_flag": 2, "change_message": "[{\"changed\": {\"fields\": [\"Lecturers\"]}}]"}}, {"model": "admin.logentry", "pk": 57, "fields": {"action_time": "2020-05-05T15:33:36.891Z", "user": 1, "content_type": 4, "object_id": "1", "object_repr": "Matematyka Gastronomiczna", "action_flag": 2, "change_message": "[{\"changed\": {\"fields\": [\"Lecturers\"]}}]"}}, {"model": "admin.logentry", "pk": 58, "fields": {"action_time": "2020-05-05T15:34:14.932Z", "user": 1, "content_type": 4, "object_id": "1", "object_repr": "Matematyka Gastronomiczna", "action_flag": 2, "change_message": "[{\"changed\": {\"fields\": [\"Lecturers\"]}}]"}}, {"model": "admin.logentry", "pk": 59, "fields": {"action_time": "2020-05-08T14:19:00.747Z", "user": 3, "content_type": 4, "object_id": "1", "object_repr": "Matematyka Gastronomiczna", "action_flag": 2, "change_message": "[{\"added\": {\"name\": \"group\", \"object\": \"El Kasiko\"}}]"}}, {"model": "hallOfFameClient.lecturer", "pk": 1, "fields": {"user": 3, "name": "jhon", "surname": "Lenon"}}, {"model": "hallOfFameClient.lecturer", "pk": 2, "fields": {"user": 5, "name": "Szymon", "surname": "Kania"}}, {"model": "hallOfFameClient.student", "pk": 1, "fields": {"name": "Adam", "surname": "ddddd", "user": 2, "nickname": "Unnnn", "album_number": 908765, "semester": 1}}, {"model": "hallOfFameClient.student", "pk": 2, "fields": {"name": "Kuku", "surname": "Hehhe", "user": 4, "nickname": "hala", "album_number": 123456, "semester": 1}}, {"model": "hallOfFameClient.student", "pk": 3, "fields": {"name": "Micha\u0142", "surname": "Krawczyk", "user": 1, "nickname": "Krafix", "album_number": 213700, "semester": 1}}]